<?xml version="1.0" encoding="UTF-8"?>
<!-- IMPORTANT: This is an internal file that has been generated
     by the Xilinx ISE software.  Any direct editing or
     changes made to this file may result in unpredictable
     behavior or data corruption.  It is strongly advised that
     users do not edit the contents of this file. -->
<DeviceUsageSummary rev="9">
<DesignStatistics TimeStamp="Fri Nov 15 13:18:06 2013"><group name="NetStatistics">
<item name="NumNets_Active" rev="4">
<attrib name="value" value="97"/></item>
<item name="NumNets_Gnd" rev="4">
<attrib name="value" value="1"/></item>
<item name="NumNets_Vcc" rev="4">
<attrib name="value" value="1"/></item>
<item name="NumNodesOfType_Active_BACKBONE" rev="4">
<attrib name="value" value="1"/></item>
<item name="NumNodesOfType_Active_BIHEX" rev="4">
<attrib name="value" value="67"/></item>
<item name="NumNodesOfType_Active_CLKPIN" rev="4">
<attrib name="value" value="22"/></item>
<item name="NumNodesOfType_Active_CNTRLPIN" rev="4">
<attrib name="value" value="30"/></item>
<item name="NumNodesOfType_Active_DUMMY" rev="4">
<attrib name="value" value="154"/></item>
<item name="NumNodesOfType_Active_GLOBAL" rev="4">
<attrib name="value" value="16"/></item>
<item name="NumNodesOfType_Active_HLONG" rev="4">
<attrib name="value" value="5"/></item>
<item name="NumNodesOfType_Active_INPUT" rev="4">
<attrib name="value" value="163"/></item>
<item name="NumNodesOfType_Active_IOBOUTPUT" rev="4">
<attrib name="value" value="8"/></item>
<item name="NumNodesOfType_Active_OMUX" rev="4">
<attrib name="value" value="106"/></item>
<item name="NumNodesOfType_Active_OUTPUT" rev="4">
<attrib name="value" value="74"/></item>
<item name="NumNodesOfType_Active_SINGLE" rev="4">
<attrib name="value" value="221"/></item>
<item name="NumNodesOfType_Active_UNIHEX" rev="4">
<attrib name="value" value="39"/></item>
<item name="NumNodesOfType_Active_VLONG" rev="4">
<attrib name="value" value="8"/></item>
<item name="NumNodesOfType_Gnd_INPUT" rev="4">
<attrib name="value" value="1"/></item>
<item name="NumNodesOfType_Gnd_OMUX" rev="4">
<attrib name="value" value="1"/></item>
<item name="NumNodesOfType_Gnd_OUTPUT" rev="4">
<attrib name="value" value="1"/></item>
</group>
<group name="MiscellaneousStatistics">
<item name="AVG_LUT_FAN_IN" rev="9">
<attrib name="value" value="3.250000"/></item>
<item name="AVG_SIG_FANOUT" rev="9">
<attrib name="value" value="1.800000"/></item>
<item name="LUT" rev="9">
<attrib name="value" value="44"/></item>
<item name="MAX_SIG_FANOUT" rev="9">
<attrib name="value" value="5"/></item>
<item name="PK_NUM_4_INPUT_LUTS" rev="9">
<attrib name="value" value="44"/></item>
<item name="PK_NUM_4_INPUT_LUT_RTS" rev="9">
<attrib name="value" value="25"/></item>
<item name="PK_NUM_BONDED_IOBS" rev="9">
<attrib name="value" value="42"/></item>
<item name="PK_NUM_CYINIT" rev="9">
<attrib name="value" value="17"/></item>
<item name="PK_NUM_CYMUX" rev="9">
<attrib name="value" value="32"/></item>
<item name="PK_NUM_LUTLESS_SLICE_FFS" rev="9">
<attrib name="value" value="34"/></item>
<item name="PK_NUM_SLICES" rev="9">
<attrib name="value" value="44"/></item>
<item name="PK_NUM_SLICE_FFS" rev="9">
<attrib name="value" value="35"/></item>
<item name="PK_NUM_TOTAL_LUTLESS_REGISTER" rev="9">
<attrib name="value" value="34"/></item>
<item name="PK_NUM_XOR" rev="9">
<attrib name="value" value="25"/></item>
<item name="PK_NUM_XVK_GCLKIOBS" rev="9">
<attrib name="value" value="1"/></item>
<item name="PK_NUM_XVK_GCLKS" rev="9">
<attrib name="value" value="1"/></item>
<item name="SINGLE_LOAD_SIG" rev="9">
<attrib name="value" value="23"/></item>
<item name="THREE_LOAD_SIG" rev="9">
<attrib name="value" value="2"/></item>
<item name="TWO_LOAD_SIG" rev="9">
<attrib name="value" value="15"/></item>
</group>
</DesignStatistics>
<ReportConfigData TimeStamp="Thu Nov 14 13:16:39 2013"><group name="GCLK_GCLK_BUFFER">
<item name="DISABLE_ATTR" rev="4">
<attrib name="LOW" value="1"/></item>
</group>
<group name="SLICE_FFX">
<item name="INITX" rev="4">
<attrib name="LOW" value="21"/></item>
<item name="LATCH_OR_FF" rev="4">
<attrib name="FF" value="21"/></item>
<item name="SYNC_ATTR" rev="4">
<attrib name="ASYNC" value="8"/><attrib name="SYNC" value="13"/></item>
</group>
<group name="SLICE_FFY">
<item name="INITY" rev="4">
<attrib name="LOW" value="14"/></item>
<item name="LATCH_OR_FF" rev="4">
<attrib name="FF" value="14"/></item>
<item name="SYNC_ATTR" rev="4">
<attrib name="ASYNC" value="1"/><attrib name="SYNC" value="13"/></item>
</group>
<group name="SLICE_F">
<item name="LUT_OR_MEM" rev="4">
<attrib name="LUT" value="27"/></item>
</group>
<group name="SLICE_G">
<item name="LUT_OR_MEM" rev="4">
<attrib name="LUT" value="27"/></item>
</group>
<group name="IOB_PAD">
<item name="DRIVEATTRBOX" rev="4">
<attrib name="12" value="6"/></item>
<item name="IOATTRBOX" rev="4">
<attrib name="LVTTL" value="14"/></item>
<item name="SLEW" rev="4">
<attrib name="SLOW" value="6"/></item>
</group>
<group name="GCLKIOB_PAD">
<item name="IOATTRBOX" rev="4">
<attrib name="LVTTL" value="1"/></item>
</group>
</ReportConfigData>
<ReportPinData TimeStamp="Thu Nov 14 13:16:39 2013"><group name="GCLK">
<item name="IN" rev="4">
<attrib name="value" value="1"/></item>
<item name="OUT" rev="4">
<attrib name="value" value="1"/></item>
</group>
<group name="GCLK_GCLK_BUFFER">
<item name="CE" rev="4">
<attrib name="value" value="1"/></item>
<item name="IN" rev="4">
<attrib name="value" value="1"/></item>
<item name="OUT" rev="4">
<attrib name="value" value="1"/></item>
</group>
<group name="IOB_OUTBUF">
<item name="IN" rev="4">
<attrib name="value" value="6"/></item>
<item name="OUT" rev="4">
<attrib name="value" value="6"/></item>
</group>
<group name="GCLK_CE_POWER">
<item name="1" rev="4">
<attrib name="value" value="1"/></item>
</group>
<group name="SLICE_CY0">
<item name="0" rev="4">
<attrib name="value" value="1"/></item>
</group>
<group name="SLICE_CY1">
<item name="1" rev="4">
<attrib name="value" value="1"/></item>
</group>
<group name="SLICE_FFX">
<item name="CE" rev="4">
<attrib name="value" value="8"/></item>
<item name="CK" rev="4">
<attrib name="value" value="21"/></item>
<item name="D" rev="4">
<attrib name="value" value="21"/></item>
<item name="INIT" rev="4">
<attrib name="value" value="21"/></item>
<item name="Q" rev="4">
<attrib name="value" value="21"/></item>
<item name="REV" rev="4">
<attrib name="value" value="8"/></item>
</group>
<group name="SLICE_GNDF">
<item name="0" rev="4">
<attrib name="value" value="16"/></item>
</group>
<group name="SLICE_FFY">
<item name="CE" rev="4">
<attrib name="value" value="1"/></item>
<item name="CK" rev="4">
<attrib name="value" value="14"/></item>
<item name="D" rev="4">
<attrib name="value" value="14"/></item>
<item name="INIT" rev="4">
<attrib name="value" value="13"/></item>
<item name="Q" rev="4">
<attrib name="value" value="14"/></item>
</group>
<group name="SLICE_GNDG">
<item name="0" rev="4">
<attrib name="value" value="14"/></item>
</group>
<group name="GCLKIOB">
<item name="GCLKOUT" rev="4">
<attrib name="value" value="1"/></item>
<item name="PAD" rev="4">
<attrib name="value" value="1"/></item>
</group>
<group name="IOB_INBUF">
<item name="IN" rev="4">
<attrib name="value" value="8"/></item>
<item name="OUT" rev="4">
<attrib name="value" value="8"/></item>
</group>
<group name="SLICE">
<item name="BX" rev="4">
<attrib name="value" value="8"/></item>
<item name="BY" rev="4">
<attrib name="value" value="9"/></item>
<item name="CE" rev="4">
<attrib name="value" value="9"/></item>
<item name="CIN" rev="4">
<attrib name="value" value="15"/></item>
<item name="CLK" rev="4">
<attrib name="value" value="22"/></item>
<item name="COUT" rev="4">
<attrib name="value" value="15"/></item>
<item name="F1" rev="4">
<attrib name="value" value="27"/></item>
<item name="F2" rev="4">
<attrib name="value" value="15"/></item>
<item name="F3" rev="4">
<attrib name="value" value="13"/></item>
<item name="F4" rev="4">
<attrib name="value" value="7"/></item>
<item name="G1" rev="4">
<attrib name="value" value="27"/></item>
<item name="G2" rev="4">
<attrib name="value" value="15"/></item>
<item name="G3" rev="4">
<attrib name="value" value="13"/></item>
<item name="G4" rev="4">
<attrib name="value" value="9"/></item>
<item name="SR" rev="4">
<attrib name="value" value="21"/></item>
<item name="X" rev="4">
<attrib name="value" value="10"/></item>
<item name="XB" rev="4">
<attrib name="value" value="1"/></item>
<item name="XQ" rev="4">
<attrib name="value" value="21"/></item>
<item name="Y" rev="4">
<attrib name="value" value="11"/></item>
<item name="YQ" rev="4">
<attrib name="value" value="14"/></item>
</group>
<group name="GCLKIOB_GCLK_BUF">
<item name="IN" rev="4">
<attrib name="value" value="1"/></item>
<item name="OUT" rev="4">
<attrib name="value" value="1"/></item>
</group>
<group name="SLICE_F">
<item name="A1" rev="4">
<attrib name="value" value="26"/></item>
<item name="A2" rev="4">
<attrib name="value" value="15"/></item>
<item name="A3" rev="4">
<attrib name="value" value="13"/></item>
<item name="A4" rev="4">
<attrib name="value" value="7"/></item>
<item name="D" rev="4">
<attrib name="value" value="27"/></item>
</group>
<group name="SLICE_G">
<item name="A1" rev="4">
<attrib name="value" value="26"/></item>
<item name="A2" rev="4">
<attrib name="value" value="15"/></item>
<item name="A3" rev="4">
<attrib name="value" value="13"/></item>
<item name="A4" rev="4">
<attrib name="value" value="9"/></item>
<item name="D" rev="4">
<attrib name="value" value="27"/></item>
</group>
<group name="IOB_PAD">
<item name="PAD" rev="4">
<attrib name="value" value="14"/></item>
</group>
<group name="IOB">
<item name="I" rev="4">
<attrib name="value" value="8"/></item>
<item name="O" rev="4">
<attrib name="value" value="6"/></item>
<item name="PAD" rev="4">
<attrib name="value" value="14"/></item>
</group>
<group name="SLICE_XORF">
<item name="0" rev="4">
<attrib name="value" value="12"/></item>
<item name="1" rev="4">
<attrib name="value" value="12"/></item>
<item name="O" rev="4">
<attrib name="value" value="12"/></item>
</group>
<group name="SLICE_XORG">
<item name="0" rev="4">
<attrib name="value" value="13"/></item>
<item name="1" rev="4">
<attrib name="value" value="13"/></item>
<item name="O" rev="4">
<attrib name="value" value="13"/></item>
</group>
<group name="SLICE_CYMUXF">
<item name="0" rev="4">
<attrib name="value" value="17"/></item>
<item name="1" rev="4">
<attrib name="value" value="17"/></item>
<item name="OUT" rev="4">
<attrib name="value" value="17"/></item>
<item name="S0" rev="4">
<attrib name="value" value="17"/></item>
</group>
<group name="SLICE_CYMUXG">
<item name="0" rev="4">
<attrib name="value" value="15"/></item>
<item name="1" rev="4">
<attrib name="value" value="15"/></item>
<item name="OUT" rev="4">
<attrib name="value" value="15"/></item>
<item name="S0" rev="4">
<attrib name="value" value="15"/></item>
</group>
<group name="GCLKIOB_PAD">
<item name="PAD" rev="4">
<attrib name="value" value="1"/></item>
</group>
</ReportPinData>
<CmdHistory>
</CmdHistory>
</DeviceUsageSummary>
